{
  "0xEc2F8E178023A88587c4B5D5D5208d52BfBc5D87": 1424.120018030593,
  "0x570a8477e1a8E3903BD9fb0288499bDD62288EFA": 2588.189111294292
}